open_timestamp_utc,close_timestamp_utc,open,high,low,close,volume
1555671600,1555675199,5254.27,5265.98,5251.5,5263.07,11.59
1555675200,1555678799,5255.0,5263.71,5240.4,5240.4,2.67
1555678800,1555682399,5249.15,5253.53,5247.81,5248.01,4.78
1555682400,1555685999,5250.13,5250.13,5243.63,5247.8,0.144
1555686000,1555689599,5251.0,5285.21,5249.93,5279.59,9.54
1555689600,1555693199,5279.66,5350.0,5270.0,5270.0,15.7
1555693200,1555696799,5275.0,5277.54,5261.0,5275.96,3.68
1555696800,1555700399,5275.94,5297.11,5268.7,5296.83,3.84
1555700400,1555703999,5286.05,5300.0,5280.6,5300.0,1.64
1555704000,1555707599,5300.44,5304.59,5257.38,5257.38,3.2
1555707600,1555711199,5270.64,5281.78,5270.64,5280.22,1.22
1555711200,1555714799,5274.81,5275.18,5260.0,5275.18,3.44
1555714800,1555718399,5277.65,5296.0,5275.72,5283.69,0.637
1555718400,1555721999,5297.99,5298.66,5289.71,5289.71,3.31
1555722000,1555725599,5285.0,5307.33,5285.0,5306.99,1.25
1555725600,1555729199,5313.41,5325.05,5290.61,5297.01,3.39
1555729200,1555732799,5302.87,5305.26,5291.93,5305.26,2.3
1555732800,1555736399,5301.29,5317.8,5298.54,5317.8,1.06
1555736400,1555739999,5317.15,5329.78,5317.15,5329.78,1.87
1555740000,1555743599,5332.71,5340.31,5319.45,5319.45,2.92
1555743600,1555747199,5324.31,5334.02,5319.41,5319.41,2.91
1555747200,1555750799,5332.5,5353.65,5315.0,5316.65,2.74
1555750800,1555754399,5315.0,5331.58,5315.0,5322.15,15.06
1555754400,1555757999,5315.0,5317.46,5304.1,5315.99,26.82
1555758000,1555761599,5310.8,5316.56,5306.24,5306.24,3.38
1555761600,1555765199,5307.16,5326.5,5307.15,5320.79,3.17
1555765200,1555768799,5318.47,5326.01,5318.47,5320.01,2.11
1555768800,1555772399,5320.01,5320.01,5305.0,5310.0,3.57
1555772400,1555775999,5309.89,5336.44,5307.71,5309.33,55.71
1555776000,1555779599,5309.12,5330.27,5309.09,5325.3,6.68
1555779600,1555783199,5324.06,5326.44,5301.53,5306.3,11.01
1555783200,1555786799,5309.26,5316.72,5306.3,5316.72,2.3
1555786800,1555790399,5313.59,5329.99,5312.91,5329.99,6.9
1555790400,1555793999,5323.45,5333.2,5317.07,5320.75,3.62
1555794000,1555797599,5317.2,5317.2,5265.48,5266.76,2.22
1555797600,1555801199,5266.12,5298.89,5266.12,5298.89,1.25
1555801200,1555804799,5294.91,5325.34,5294.91,5325.34,3.01
1555804800,1555808399,5327.63,5339.95,5318.57,5335.57,5.4
1555808400,1555811999,5328.04,5334.6,5328.04,5330.33,0.889
1555812000,1555815599,5330.33,5337.27,5321.94,5328.42,12.37
1555815600,1555819199,5333.57,5339.45,5330.98,5334.45,3.93
1555819200,1555822799,5334.45,5334.45,5312.02,5328.57,10.84
1555822800,1555826399,5326.44,5326.44,5309.49,5312.66,8.41
1555826400,1555829999,5312.58,5320.99,5307.41,5317.04,5.25
1555830000,1555833599,5320.8,5330.87,5309.86,5313.13,3.11
1555833600,1555837199,5315.08,5317.0,5278.57,5299.65,7.19
1555837200,1555840799,5296.75,5298.88,5243.53,5251.27,8.09
1555840800,1555844399,5243.13,5271.33,5240.0,5269.0,8.39
1555844400,1555847999,5269.0,5275.17,5260.08,5260.08,6.13
1555848000,1555851599,5257.0,5257.0,5216.24,5249.1,3.02
1555851600,1555855199,5247.94,5271.16,5247.94,5271.16,7.09
1555855200,1555858799,5262.88,5269.44,5253.6,5268.0,1.72
1555858800,1555862399,5267.84,5281.43,5266.6,5281.43,2.98
1555862400,1555865999,5275.23,5278.08,5268.61,5271.83,0.939
1555866000,1555869599,5272.87,5272.87,5251.76,5261.42,5.96
1555869600,1555873199,5263.88,5268.92,5229.8,5233.7,1.76
1555873200,1555876799,5228.7,5263.99,5228.29,5256.91,8.06
1555876800,1555880399,5256.06,5271.05,5234.68,5243.26,4.64
1555880400,1555883999,5232.08,5287.01,5232.08,5284.65,1.36
1555884000,1555887599,5276.69,5300.26,5271.42,5295.86,0.292
1555887600,1555891199,5290.37,5305.67,5272.6,5305.67,6.6
1555891200,1555894799,5296.2,5303.21,5296.2,5300.39,0.628
1555894800,1555898399,5291.0,5291.0,5258.28,5258.28,1.31
1555898400,1555901999,5269.9,5283.06,5263.55,5266.82,4.16
1555902000,1555905599,5270.2,5272.55,5251.9,5260.03,1.3
1555905600,1555909199,5272.55,5272.79,5266.62,5270.88,1.98
1555909200,1555912799,5280.4,5284.49,5268.64,5271.95,1.75
1555912800,1555916399,5267.56,5285.55,5265.65,5285.55,0.629
1555916400,1555919999,5288.5,5288.5,5280.09,5281.26,0.154
1555920000,1555923599,5278.6,5291.46,5278.6,5288.97,0.84
1555923600,1555927199,5275.38,5300.75,5275.38,5298.44,0.978
1555927200,1555930799,5298.55,5320.77,5290.27,5311.77,4.46
1555930800,1555934399,5311.76,5322.97,5311.22,5311.22,2.57
1555934400,1555937999,5310.75,5323.0,5301.53,5307.72,7.69
1555938000,1555941599,5310.99,5310.99,5302.8,5306.34,2.2
1555941600,1555945199,5301.13,5318.95,5296.44,5316.56,0.378
1555945200,1555948799,5315.52,5408.28,5299.21,5307.21,45.02
1555948800,1555952399,5310.03,5311.05,5286.57,5305.24,3.02
1555952400,1555955999,5306.59,5365.8,5303.75,5360.67,2.49
1555956000,1555959599,5368.55,5409.38,5368.55,5409.38,8.49
1555959600,1555963199,5411.04,5443.19,5365.0,5383.8,63.47
1555963200,1555966799,5373.15,5405.6,5366.41,5368.34,3.92
1555966800,1555970399,5374.59,5396.81,5363.0,5383.33,2.66
1555970400,1555973999,5389.37,5407.14,5383.48,5404.57,1.94
1555974000,1555977599,5400.07,5400.07,5376.23,5381.56,2.13
1555977600,1555981199,5390.11,5390.11,5364.3,5381.95,1.73
1555981200,1555984799,5378.71,5386.13,5377.98,5386.13,1.83
1555984800,1555988399,5386.26,5404.52,5386.26,5403.65,2.48
1555988400,1555991999,5407.83,5438.0,5407.83,5424.9,5.22
1555992000,1555995599,5437.65,5645.78,5437.62,5511.97,101.91
1555995600,1555999199,5530.25,5554.38,5512.21,5545.0,11.94
1555999200,1556002799,5550.92,5550.92,5518.74,5533.0,4.9
1556002800,1556006399,5544.07,5549.36,5530.75,5544.07,1.53
1556006400,1556009999,5549.72,5582.77,5544.54,5544.54,11.65
1556010000,1556013599,5543.3,5544.06,5510.03,5535.25,7.72
1556013600,1556017199,5543.88,5558.94,5535.73,5558.94,5.25
1556017200,1556020799,5546.1,5556.93,5544.0,5554.0,6.25
1556020800,1556024399,5556.08,5584.29,5553.56,5569.89,4.05
1556024400,1556027999,5565.86,5593.01,5558.76,5577.75,4.17
1556028000,1556031599,5579.41,5587.97,5559.81,5581.89,0.629
1556031600,1556035199,5575.13,5583.54,5541.67,5566.96,14.28
1556035200,1556038799,5565.49,5576.68,5545.92,5576.0,7.5
1556038800,1556042399,5576.45,5612.53,5570.47,5582.99,18.21
1556042400,1556045999,5582.6,5598.0,5582.6,5596.87,6.04
1556046000,1556049599,5606.41,5606.41,5571.61,5585.95,7.19
1556049600,1556053199,5587.5,5587.5,5560.0,5572.95,7.14
1556053200,1556056799,5577.05,5584.0,5560.2,5567.98,10.35
1556056800,1556060399,5570.54,5570.55,5510.02,5548.79,17.65
1556060400,1556063999,5562.0,5566.31,5535.64,5544.82,3.85
1556064000,1556067599,5531.91,5560.01,5531.91,5536.0,3.9
1556067600,1556071199,5529.01,5556.97,5483.55,5547.59,21.65
1556071200,1556074799,5546.2,5559.5,5546.2,5557.77,5.81
1556074800,1556078399,5561.34,5579.47,5561.34,5573.16,16.92
1556078400,1556081999,5572.41,5607.84,5567.59,5590.43,8.24
1556082000,1556085599,5590.43,5609.27,5570.42,5609.27,8.97
1556085600,1556089199,5610.04,5617.29,5589.7,5589.7,12.31
1556089200,1556092799,5595.88,5595.88,5417.19,5466.47,48.66
1556092800,1556096399,5465.0,5486.12,5443.2,5479.8,9.92
1556096400,1556099999,5471.83,5489.18,5462.34,5462.34,3.33
1556100000,1556103599,5457.44,5473.99,5411.58,5423.18,4.54
1556103600,1556107199,5422.67,5445.83,5384.72,5430.7,10.37
1556107200,1556110799,5429.71,5462.17,5429.71,5450.0,5.56
1556110800,1556114399,5465.4,5472.21,5444.57,5444.57,4.41
1556114400,1556117999,5435.27,5466.1,5435.27,5461.39,6.9
1556118000,1556121599,5465.81,5477.02,5464.83,5464.83,1.91
1556121600,1556125199,5465.03,5465.03,5411.73,5440.0,12.11
1556125200,1556128799,5427.57,5448.57,5411.49,5411.97,7.79
1556128800,1556132399,5408.54,5422.76,5370.56,5390.01,9.0
1556132400,1556135999,5405.0,5437.0,5405.0,5429.0,6.2
1556136000,1556139599,5425.0,5445.85,5424.55,5428.05,12.36
1556139600,1556143199,5440.84,5447.53,5417.16,5436.4,6.98
1556143200,1556146799,5434.82,5447.54,5432.15,5445.1,15.47
1556146800,1556150399,5443.97,5445.39,5424.09,5436.81,3.17
1556150400,1556153999,5447.83,5453.47,5447.83,5453.47,0.0375
1556154000,1556157599,5446.05,5450.0,5442.3,5450.0,0.847
1556157600,1556161199,5455.36,5455.36,5425.52,5425.52,3.72
1556161200,1556164799,5423.18,5432.7,5410.92,5427.11,5.49
1556164800,1556168399,5437.92,5445.92,5421.62,5421.62,1.45
1556168400,1556171999,5421.62,5429.66,5417.59,5417.59,1.04
1556172000,1556175599,5423.9,5423.9,5394.74,5402.83,6.6
1556175600,1556179199,5395.1,5420.52,5395.1,5420.52,0.706
1556179200,1556182799,5424.29,5431.29,5412.32,5429.51,1.06
1556182800,1556186399,5423.86,5423.86,5380.0,5417.56,4.45
1556186400,1556189999,5432.57,5451.11,5428.97,5451.11,9.03
1556190000,1556193599,5457.99,5468.53,5434.45,5460.0,9.83
1556193600,1556197199,5470.42,5470.42,5446.54,5449.4,7.82
1556197200,1556200799,5455.63,5459.3,5449.05,5452.96,3.87
1556200800,1556204399,5456.97,5456.97,5437.92,5447.88,0.735
1556204400,1556207999,5457.0,5463.17,5451.06,5452.93,13.34
1556208000,1556211599,5457.99,5478.27,5451.59,5473.9,3.66
1556211600,1556215199,5485.81,5495.18,5485.0,5495.03,1.97
1556215200,1556218799,5490.17,5500.02,5489.63,5495.67,1.45
1556218800,1556222399,5498.4,5508.12,5485.0,5485.97,6.28
1556222400,1556225999,5485.0,5488.87,5477.07,5488.87,2.58
1556226000,1556229599,5495.0,5496.89,5389.82,5389.82,12.0
1556229600,1556233199,5378.12,5378.12,4965.0,5128.17,155.98
1556233200,1556236799,5123.52,5150.0,5083.37,5130.46,34.78
1556236800,1556240399,5126.15,5132.54,5061.05,5123.21,9.58
1556240400,1556243999,5127.9,5158.94,5120.01,5145.9,2.18
1556244000,1556247599,5145.9,5278.0,5127.32,5215.1,29.29
1556247600,1556251199,5222.85,5233.4,5196.04,5203.91,8.86
1556251200,1556254799,5208.34,5230.69,5184.74,5184.74,4.49
1556254800,1556258399,5185.92,5205.0,5179.17,5191.0,35.52
1556258400,1556261999,5196.98,5196.98,5147.39,5176.04,27.07
1556262000,1556265599,5176.04,5181.96,5154.49,5154.49,3.58
1556265600,1556269199,5159.88,5187.42,5159.88,5175.94,3.53
1556269200,1556272799,5174.89,5185.68,5153.11,5153.11,1.82
1556272800,1556276399,5166.01,5185.36,5166.01,5167.81,2.67
1556276400,1556279999,5155.62,5162.59,5133.62,5150.28,4.11
1556280000,1556283599,5149.53,5181.39,5133.59,5181.39,23.91
1556283600,1556287199,5171.53,5179.99,5165.0,5165.88,1.66
1556287200,1556290799,5165.01,5170.33,5155.0,5160.24,9.57
1556290800,1556294399,5164.18,5164.18,5128.81,5128.81,1.06
1556294400,1556297999,5128.8,5128.8,5041.1,5104.8,16.44
1556298000,1556301599,5098.8,5120.45,5087.79,5098.9,11.42
1556301600,1556305199,5098.57,5112.62,5065.12,5065.12,13.29
1556305200,1556308799,5073.96,5103.4,5064.47,5085.55,6.42
1556308800,1556312399,5078.73,5116.27,5078.73,5097.93,13.71
1556312400,1556315999,5098.36,5117.24,5093.94,5117.24,2.28
1556316000,1556319599,5117.24,5167.61,5117.24,5151.57,11.11
1556319600,1556323199,5148.7,5158.42,5137.59,5158.42,2.91
1556323200,1556326799,5158.89,5170.97,5148.22,5149.13,2.82
1556326800,1556330399,5152.16,5152.16,5137.5,5151.14,1.7
1556330400,1556333999,5159.49,5159.49,5141.9,5141.9,0.197
1556334000,1556337599,5150.21,5156.91,5143.15,5145.39,6.31
1556337600,1556341199,5142.58,5142.58,5117.0,5128.0,8.99
1556341200,1556344799,5128.54,5148.18,5128.54,5148.18,2.7
1556344800,1556348399,5150.75,5160.0,5147.94,5159.95,10.29
1556348400,1556351999,5162.47,5166.7,5156.94,5166.7,5.12
1556352000,1556355599,5166.7,5166.87,5151.95,5151.95,0.646
1556355600,1556359199,5161.31,5161.31,5139.74,5144.97,1.07
1556359200,1556362799,5143.71,5150.57,5143.71,5148.33,0.689
1556362800,1556366399,5148.38,5161.37,5148.38,5158.09,1.92
1556366400,1556369999,5155.01,5155.01,5143.85,5148.55,2.86
1556370000,1556373599,5143.8,5155.11,5141.91,5151.89,2.09
1556373600,1556377199,5152.08,5173.43,5152.08,5159.62,4.01
1556377200,1556380799,5164.37,5167.66,5150.45,5150.45,7.61
1556380800,1556384399,5150.45,5163.43,5150.45,5160.93,5.2
1556384400,1556387999,5162.84,5180.09,5157.63,5168.0,3.64
1556388000,1556391599,5168.0,5172.3,5163.18,5169.05,2.52
1556391600,1556395199,5169.73,5210.98,5169.72,5203.82,32.45
1556395200,1556398799,5203.82,5203.82,5187.26,5197.07,0.972
1556398800,1556402399,5200.5,5212.94,5195.57,5203.25,7.41
1556402400,1556405999,5202.01,5208.19,5200.0,5200.0,2.34
1556406000,1556409599,5194.0,5195.06,5161.66,5163.5,4.09
1556409600,1556413199,5176.27,5182.99,5176.27,5182.27,0.00757
1556413200,1556416799,5182.27,5196.35,5176.05,5182.06,39.52
1556416800,1556420399,5175.85,5175.85,5148.62,5165.84,2.68
1556420400,1556423999,5161.53,5173.23,5161.49,5168.79,6.25
1556424000,1556427599,5170.2,5173.0,5157.26,5165.97,3.76
1556427600,1556431199,5159.86,5166.87,5159.76,5164.72,3.81
1556431200,1556434799,5173.62,5179.3,5159.83,5172.26,0.744
1556434800,1556438399,5169.68,5179.89,5169.68,5177.92,0.292
1556438400,1556441999,5185.74,5185.74,5170.17,5177.67,0.14
1556442000,1556445599,5179.0,5184.23,5170.45,5170.45,1.09
1556445600,1556449199,5174.72,5187.5,5172.61,5187.5,13.6
1556449200,1556452799,5192.17,5205.84,5185.75,5205.84,4.28
1556452800,1556456399,5195.13,5198.79,5189.51,5195.98,1.02
1556456400,1556459999,5192.67,5192.67,5151.1,5161.04,7.61
1556460000,1556463599,5161.0,5176.08,5158.5,5165.0,4.08
1556463600,1556467199,5163.25,5193.37,5160.67,5193.37,2.12
1556467200,1556470799,5187.0,5187.0,5176.94,5181.75,0.922
1556470800,1556474399,5181.02,5186.42,5164.45,5175.55,8.72
1556474400,1556477999,5168.67,5173.27,5159.75,5160.49,3.57
1556478000,1556481599,5168.51,5168.51,5087.52,5141.25,41.03
1556481600,1556485199,5134.11,5155.3,5134.09,5134.76,3.93
1556485200,1556488799,5119.81,5128.78,5104.51,5128.78,3.03
1556488800,1556492399,5128.78,5150.17,5127.99,5150.17,2.67
1556492400,1556495999,5147.4,5159.86,5138.68,5150.0,20.98
1556496000,1556499599,5150.84,5162.5,5143.73,5160.34,0.472
1556499600,1556503199,5170.25,5172.04,5168.01,5172.0,0.282
1556503200,1556506799,5168.0,5172.0,5166.55,5171.76,0.257
1556506800,1556510399,5172.0,5176.55,5167.94,5167.94,2.09
1556510400,1556513999,5174.78,5180.0,5171.55,5175.47,0.132
1556514000,1556517599,5180.73,5180.73,5171.91,5177.35,0.426
1556517600,1556521199,5177.27,5179.5,5172.59,5172.59,3.06
1556521200,1556524799,5175.54,5175.54,5165.0,5168.56,1.59
1556524800,1556528399,5165.5,5165.5,5159.16,5161.34,0.734
1556528400,1556531999,5161.21,5164.72,5143.79,5154.38,2.45
1556532000,1556535599,5156.21,5156.21,5120.45,5136.19,2.02
1556535600,1556539199,5136.18,5153.79,5136.16,5153.79,2.43
1556539200,1556542799,5148.35,5148.35,5108.45,5126.09,3.27
1556542800,1556546399,5111.64,5129.1,5080.0,5129.1,5.72
1556546400,1556549999,5137.5,5157.0,5137.5,5153.4,1.16
1556550000,1556553599,5153.4,5156.89,5127.88,5131.8,7.41
1556553600,1556557199,5145.19,5170.36,5143.1,5149.45,4.02
1556557200,1556560799,5156.44,5167.47,5140.88,5140.88,3.9
1556560800,1556564399,5140.78,5145.0,5121.8,5142.22,4.87
1556564400,1556567999,5148.26,5155.0,5139.95,5148.0,1.45
1556568000,1556571599,5130.81,5133.0,5125.39,5125.39,7.8
1556571600,1556575199,5128.62,5139.04,5117.78,5136.1,2.72
1556575200,1556578799,5126.87,5129.03,5105.08,5123.17,0.671
1556578800,1556582399,5121.85,5150.54,5121.85,5146.87,2.21
1556582400,1556585999,5152.3,5156.88,5139.8,5146.74,5.7
1556586000,1556589599,5148.58,5157.97,5148.58,5152.76,0.853
1556589600,1556593199,5158.0,5159.59,5148.59,5157.16,4.21
1556593200,1556596799,5149.8,5151.17,5132.06,5132.53,0.515
1556596800,1556600399,5145.81,5145.81,5130.62,5130.62,0.362
1556600400,1556603999,5144.15,5144.15,5135.49,5135.49,1.74
1556604000,1556607599,5136.24,5145.97,5131.51,5141.24,1.8
1556607600,1556611199,5133.85,5150.34,5133.85,5144.88,0.672
1556611200,1556614799,5144.29,5153.93,5140.54,5148.4,0.223
1556614800,1556618399,5146.03,5146.05,5132.84,5145.0,0.301
1556618400,1556621999,5145.0,5190.4,5145.0,5187.6,2.32
1556622000,1556625599,5186.37,5200.0,5178.72,5200.0,5.34
1556625600,1556629199,5200.0,5214.81,5184.05,5213.26,6.53
1556629200,1556632799,5209.53,5270.97,5195.01,5252.46,12.8
1556632800,1556636399,5250.42,5286.94,5245.8,5254.79,18.29
1556636400,1556639999,5258.0,5263.35,5236.75,5262.28,10.94
1556640000,1556643599,5252.01,5252.01,5232.64,5232.64,4.27
1556643600,1556647199,5244.31,5244.31,5228.2,5232.09,4.78
1556647200,1556650799,5234.35,5250.36,5234.35,5250.36,5.62
1556650800,1556654399,5250.36,5250.91,5236.0,5239.33,6.24
1556654400,1556657999,5229.0,5243.76,5227.52,5228.62,3.65
1556658000,1556661599,5231.54,5280.56,5231.54,5257.18,25.03
1556661600,1556665199,5261.16,5284.96,5257.95,5281.83,11.74
1556665200,1556668799,5273.2,5277.96,5256.94,5270.85,4.89
1556668800,1556672399,5269.83,5310.71,5265.59,5296.91,7.13
1556672400,1556675999,5298.06,5312.26,5298.06,5304.0,1.62
1556676000,1556679599,5304.01,5330.5,5304.01,5329.02,8.02
1556679600,1556683199,5324.26,5329.7,5301.93,5311.3,3.33
1556683200,1556686799,5311.39,5319.63,5302.75,5309.85,3.45
1556686800,1556690399,5311.24,5319.75,5309.63,5314.61,17.36
1556690400,1556693999,5313.84,5317.56,5309.65,5316.66,0.294
1556694000,1556697599,5319.75,5321.53,5307.22,5309.74,1.73
1556697600,1556701199,5307.51,5307.51,5283.48,5288.82,9.1
1556701200,1556704799,5286.79,5303.0,5286.79,5303.0,0.499
1556704800,1556708399,5303.0,5303.82,5296.07,5302.79,3.06
1556708400,1556711999,5303.16,5318.98,5303.16,5316.0,0.353
1556712000,1556715599,5313.21,5313.21,5281.05,5294.13,8.76
1556715600,1556719199,5294.13,5294.13,5278.28,5283.55,1.06
1556719200,1556722799,5289.45,5294.58,5277.54,5277.54,3.2
1556722800,1556726399,5280.31,5294.43,5278.64,5293.94,9.43
1556726400,1556729999,5291.11,5299.0,5289.47,5289.47,4.4
1556730000,1556733599,5289.54,5350.62,5289.54,5350.62,9.31
1556733600,1556737199,5346.01,5346.01,5292.9,5303.67,14.01
1556737200,1556740799,5308.57,5308.86,5286.17,5302.76,4.59
1556740800,1556744399,5306.99,5309.84,5302.98,5308.75,0.477
1556744400,1556747999,5308.42,5310.54,5290.66,5302.87,3.19
1556748000,1556751599,5296.97,5303.57,5285.63,5299.64,0.409
1556751600,1556755199,5299.64,5323.07,5297.77,5321.97,0.71
1556755200,1556758799,5322.99,5327.9,5316.0,5321.53,0.0539
1556758800,1556762399,5321.81,5324.22,5317.0,5317.0,0.767
1556762400,1556765999,5324.47,5325.0,5321.35,5323.8,1.0
1556766000,1556769599,5323.8,5330.41,5315.39,5330.41,0.582
1556769600,1556773199,5321.51,5321.51,5302.59,5320.72,0.132
1556773200,1556776799,5322.05,5327.87,5317.17,5327.87,0.314
1556776800,1556780399,5317.51,5328.68,5317.39,5328.68,1.42
1556780400,1556783999,5330.0,5347.58,5329.95,5334.7,4.59
1556784000,1556787599,5337.46,5373.89,5337.46,5373.89,4.82
1556787600,1556791199,5374.8,5378.03,5344.0,5349.0,4.91
1556791200,1556794799,5343.9,5365.34,5341.53,5352.77,1.63
1556794800,1556798399,5363.06,5372.44,5363.06,5369.65,1.83
1556798400,1556801999,5360.24,5378.03,5360.24,5378.03,0.356
1556802000,1556805599,5369.41,5369.41,5346.24,5367.37,3.47
1556805600,1556809199,5373.52,5385.56,5365.08,5377.4,2.08
1556809200,1556812799,5382.63,5429.62,5382.63,5404.46,19.02
1556812800,1556816399,5408.26,5412.32,5373.3,5373.3,3.6
1556816400,1556819999,5380.32,5398.17,5380.32,5389.71,7.29
1556820000,1556823599,5390.16,5401.99,5388.39,5391.66,1.34
1556823600,1556827199,5389.4,5416.3,5385.41,5405.67,2.72
1556827200,1556830799,5398.5,5410.82,5392.24,5405.92,6.35
1556830800,1556834399,5403.08,5416.51,5398.67,5410.03,0.237
1556834400,1556837999,5410.03,5410.03,5391.67,5397.2,9.45
1556838000,1556841599,5391.93,5397.45,5389.12,5389.12,1.22
1556841600,1556845199,5384.11,5403.5,5369.57,5401.85,3.62
1556845200,1556848799,5415.92,5440.6,5409.43,5430.85,2.0
1556848800,1556852399,5425.72,5478.99,5425.72,5473.79,5.79
1556852400,1556855999,5472.04,5476.95,5451.32,5466.02,1.22
1556856000,1556859599,5460.0,5497.0,5460.0,5486.33,6.41
1556859600,1556863199,5480.73,5495.66,5469.67,5493.24,2.54
1556863200,1556866799,5493.68,5550.0,5493.68,5521.74,18.0
1556866800,1556870399,5527.3,5602.46,5527.0,5584.88,25.45
1556870400,1556873999,5579.95,5719.67,5556.29,5667.13,24.85
1556874000,1556877599,5674.0,5788.23,5661.95,5785.96,29.54
1556877600,1556881199,5780.12,5780.12,5662.62,5668.73,22.47
1556881200,1556884799,5682.67,5718.45,5667.41,5697.93,35.51
1556884800,1556888399,5697.93,5744.93,5690.61,5712.5,2.87
1556888400,1556891999,5707.55,5749.0,5706.82,5744.37,15.77
1556892000,1556895599,5739.36,5762.0,5710.0,5710.0,13.17
1556895600,1556899199,5713.66,5724.94,5681.54,5711.0,4.33
1556899200,1556902799,5711.02,5726.84,5683.17,5683.17,12.32
1556902800,1556906399,5699.2,5699.3,5625.45,5664.53,25.23
1556906400,1556909999,5660.97,5697.11,5651.89,5697.11,1.42
1556910000,1556913599,5691.5,5691.5,5665.55,5676.0,8.77
1556913600,1556917199,5671.97,5709.88,5671.97,5687.19,2.31
1556917200,1556920799,5685.35,5698.03,5671.83,5691.99,1.15
1556920800,1556924399,5691.35,5691.35,5646.21,5666.0,2.73
1556924400,1556927999,5671.93,5671.93,5645.78,5654.92,0.347
1556928000,1556931599,5659.9,5748.17,5659.9,5734.21,12.54
1556931600,1556935199,5726.24,5810,5726.24,5787.43,6.84
1556935200,1556938799,5787.9,5787.9,5746.61,5757.01,1.97
1556938800,1556942399,5759,5770.3,5716.39,5718.69,1.77
1556942400,1556945999,5722.83,5725.02,5678.28,5711.72,16.12
1556946000,1556949599,5705,5713.85,5681.03,5696.93,4.79
1556949600,1556953199,5692.85,5728.84,5687.4,5722.83,0.62
1556953200,1556956799,5730.87,5759.87,5730.87,5750.5,2.07
1556956800,1556960399,5745.95,5745.95,5719,5720.5,1.93
1556960400,1556963999,5737.66,5738.8,5706.53,5706.53,2.96
1556964000,1556967599,5706.39,5725.89,5693.02,5723.55,2.95
1556967600,1556971199,5723.23,5736.37,5716.69,5725.12,3.45
1556971200,1556974799,5721.83,5725.29,5696.27,5717.5,4.37
1556974800,1556978399,5704.81,5712.01,5532.24,5556,24.35
1556978400,1556981999,5566.4,5585.41,5516.92,5575.09,17.28
1556982000,1556985599,5564.11,5580.74,5550.54,5558.66,9.91
1556985600,1556989199,5550.52,5582,5536.76,5568.88,3.9
1556989200,1556992799,5574.3,5600,5574.29,5585.65,3.25
1556992800,1556996399,5579.06,5594.79,5571,5588.67,1.17
1556996400,1556999999,5594.98,5610.17,5590.9,5610.17,4.13
1557000000,1557003599,5610.17,5677.46,5610.17,5677.46,12.4
1557003600,1557007199,5680.08,5811.11,5680.08,5780.01,19.75
1557007200,1557010799,5780.46,5839.99,5765.36,5812.58,22.1
1557010800,1557014399,5813.02,5826.3,5760.07,5761.98,8.97
1557014400,1557017999,5774.66,5774.66,5713.98,5754.99,8.07
1557018000,1557021599,5742.46,5747.63,5726.58,5726.58,0.323
1557021600,1557025199,5732.17,5763.99,5732.17,5735.76,0.71
1557025200,1557028799,5732.68,5760.51,5732.68,5752.44,2.27
1557028800,1557032399,5732,5732,5710,5722.55,1.22
1557032400,1557035999,5729.33,5735,5720.91,5731.79,1.01
1557036000,1557039599,5746,5751.78,5722.92,5735.97,2.9
1557039600,1557043199,5736.59,5739.7,5692.43,5700,2.79
1557043200,1557046799,5686.94,5730.69,5675,5730.69,2.03
1557046800,1557050399,5720.03,5721.3,5690.74,5690.74,2.22
1557050400,1557053999,5704.42,5738.1,5690.54,5738.1,2.34
1557054000,1557057599,5738.1,5738.1,5712.8,5712.8,0.197
1557057600,1557061199,5721.09,5731.09,5714.8,5728.05,2.44
1557061200,1557064799,5738.1,5746.21,5725,5731.24,3.63
1557064800,1557068399,5730.22,5731.93,5686.26,5721.3,7.14
1557068400,1557071999,5721.64,5721.64,5707.19,5708.54,1.83
1557072000,1557075599,5708.5,5714.54,5676,5707.72,5.39
1557075600,1557079199,5689.5,5699.36,5665,5665,0.224
1557079200,1557082799,5665,5710.77,5644.05,5704.79,9.7
1557082800,1557086399,5715.35,5719.5,5700,5700,0.412
1557086400,1557089999,5703.15,5747.99,5703.15,5747.99,0.962
1557090000,1557093599,5754.88,5787.09,5733.92,5749.63,4.79
1557093600,1557097199,5745.3,5748.57,5708.79,5708.79,0.39
1557097200,1557100799,5725.99,5738.98,5718.37,5718.37,0.616
1557100800,1557104399,5725.19,5725.19,5650,5650,5.1
1557104400,1557107999,5649.81,5659.02,5575,5618.55,8.28
1557108000,1557111599,5610.84,5625.82,5601.73,5625.82,2.23
1557111600,1557115199,5612.76,5630.18,5609.56,5629.37,0.245
1557115200,1557118799,5620.84,5658.59,5620.84,5658.58,6.32
1557118800,1557122399,5660.52,5660.63,5648.55,5650,5.65
1557122400,1557125999,5636.23,5641.53,5587.58,5594.9,7.36
1557126000,1557129599,5617.07,5621.33,5577.01,5583.73,3.76
1557129600,1557133199,5577,5612.47,5570,5611.7,2.37
1557133200,1557136799,5595.73,5630.29,5595.73,5629.89,4.09
1557136800,1557140399,5630.35,5640,5612,5612,0.393
1557140400,1557143999,5621.38,5647.36,5621.38,5647.36,4.03
1557144000,1557147599,5633.12,5635.25,5619.35,5622.51,0.871
1557147600,1557151199,5617.13,5640.4,5617.13,5640.4,0.14
1557151200,1557154799,5636,5660.7,5634.12,5642.65,2.54
1557154800,1557158399,5657.27,5664.03,5639.44,5657.76,4.01
1557158400,1557161999,5662.9,5718.23,5662.9,5696.41,5.55
1557162000,1557165599,5704.42,5718.46,5688.72,5703.55,3.82
1557165600,1557169199,5698.61,5737.93,5698.61,5737.93,4.23
1557169200,1557172799,5739.88,5755.2,5712.62,5735.49,3.32
1557172800,1557176399,5740.05,5742.05,5663.56,5693,14.45
1557176400,1557179999,5695,5698.42,5673.86,5692.4,12.86
1557180000,1557183599,5687.28,5713.03,5687.28,5707.73,2.72
1557183600,1557187199,5696.78,5697.59,5685,5685,0.031
1557187200,1557190799,5712,5757.55,5712,5757.55,6.16
1557190800,1557194399,5758.23,5778,5753.94,5760,10.04
1557194400,1557197999,5764.41,5915.92,5751.21,5915.92,27.61
1557198000,1557201599,5916.98,5959.97,5873.88,5892,28.47
1557201600,1557205199,5892,5899.96,5852.07,5890.55,9.91
1557205200,1557208799,5883.59,5914.54,5880.46,5885.13,2.92
1557208800,1557212399,5882.8,5894.51,5868.56,5885.16,11.87
1557212400,1557215999,5875.65,5882.64,5848.28,5882.64,3.05
1557216000,1557219599,5879.89,5882.41,5857.3,5875.98,5.15
1557219600,1557223199,5875.5,5916.88,5867.92,5908.2,2.87
1557223200,1557226799,5907.5,5916.31,5887.16,5887.16,5.33
1557226800,1557230399,5896.32,5896.32,5871,5886.82,0.895
1557230400,1557233999,5893.51,5912.14,5880.42,5909.55,4.04
1557234000,1557237599,5909.56,5943.2,5877.63,5943.2,6.98
1557237600,1557241199,5946.6,5954.64,5774.19,5823.54,53.41
1557241200,1557244799,5830.56,5862.64,5830.53,5862.64,2.35
1557244800,1557248399,5856.92,5895.31,5856.92,5895.31,8.97
1557248400,1557251999,5896.09,5906.47,5885.65,5891.42,14.91
1557252000,1557255599,5878.43,5888.14,5868.56,5878,4.44
1557255600,1557259199,5879.49,5883.47,5803.77,5835,16.57
1557259200,1557262799,5846.87,5869.99,5835.02,5844.86,3
1557262800,1557266399,5841.17,5886.99,5839.52,5886.99,2.44
1557266400,1557269999,5885,5890,5870.08,5890,1.73
1557270000,1557273599,5888.39,5900.47,5707.27,5750.92,49.88
1557273600,1557277199,5737.59,5774.92,5676.11,5755,8.03
1557277200,1557280799,5774.92,5801.56,5768.96,5795,8.58
1557280800,1557284399,5792.53,5809.54,5792.53,5793.5,0.552
1557284400,1557287999,5789.99,5791.84,5772.15,5777.43,7.32
1557288000,1557291599,5785,5810,5785,5801.72,8.98
1557291600,1557295199,5802.21,5807.6,5780.15,5804.32,1.26
1557295200,1557298799,5798.54,5838.08,5798.54,5831.41,0.971
1557298800,1557302399,5830.97,5833.21,5805.51,5822.77,8.38
1557302400,1557305999,5830.33,5838.1,5794.21,5812.46,0.794
1557306000,1557309599,5802.84,5822.33,5802.84,5813.59,7.03
1557309600,1557313199,5811.44,5839,5811.44,5839,0.778
1557313200,1557316799,5833.7,5876.23,5827.36,5865.74,1.69
1557316800,1557320399,5848,5865.6,5842.89,5842.91,2.81
1557320400,1557323999,5847.14,5861.83,5832.98,5861.83,2.42
1557324000,1557327599,5856.98,5872.38,5826.41,5865.89,4.5
1557327600,1557331199,5866.77,5902,5849.85,5883.4,9.33
1557331200,1557334799,5901.22,5902,5868.75,5881.47,0.764
1557334800,1557338399,5867.39,5890.57,5859.56,5888.41,4.51
1557338400,1557341999,5887,5890,5862.88,5887.83,5.35
1557342000,1557345599,5875.21,5913,5875.2,5905.84,17.18
1557345600,1557349199,5895.95,5904.75,5871.5,5890,5.77
1557349200,1557352799,5904.08,5909.54,5888.39,5909.54,4.29
1557352800,1557356399,5906.91,5946.57,5883,5939.91,37.75
1557356400,1557359999,5930.82,5980,5855.84,5942.91,32.69
1557360000,1557363599,5940,6040,5924.56,6023.02,15.36
1557363600,1557367199,6023.05,6100,5997.06,6060.19,34.01
1557367200,1557370799,6057.39,6058.69,6028.73,6052.76,3.4
1557370800,1557374399,6040.99,6079.32,6017.71,6033.77,16.95
1557374400,1557377999,6037.63,6062.42,6028.77,6062.42,8.6
1557378000,1557381599,6063.96,6079.38,6035.66,6035.66,8.88
1557381600,1557385199,6049.33,6067.96,6024.3,6067.89,0.585
1557385200,1557388799,6057.82,6071.03,6045.45,6055.08,2.83
1557388800,1557392399,6047.15,6070.97,6044.89,6055,7.56
1557392400,1557395999,6044.89,6053.66,6002.13,6052.66,3.22
1557396000,1557399599,6055.35,6063.93,6040,6051.37,0.625
1557399600,1557403199,6045,6045,6014.6,6034.95,2.13
1557403200,1557406799,6034.96,6034.96,5979.47,5993.29,7.6
1557406800,1557410399,5988.17,6020.68,5950.25,6014.45,17.9
1557410400,1557413999,6005.12,6017.73,5984.18,5996.8,4.76
1557414000,1557417599,5996.83,6012.92,5966.32,6002.91,29
1557417600,1557421199,6002.2,6051.68,5990.4,6051.68,10.9
1557421200,1557424799,6040.67,6062.01,6038.54,6060.11,4.75
1557424800,1557428399,6056.09,6063.96,6043.54,6049.02,3.51
1557428400,1557431999,6042.34,6071.06,6042.34,6069.56,8.06
1557432000,1557435599,6055.44,6089.84,6045.94,6080.34,21.05
1557435600,1557439199,6076.12,6147.4,6076.12,6118.72,36.5
1557439200,1557442799,6118.76,6158.31,6104.78,6157.17,18.04
1557442800,1557446399,6157.2,6169.82,6117.68,6149.01,18.18
1557446400,1557449999,6156.82,6162.24,6106.86,6106.86,8.29
1557450000,1557453599,6106.82,6168.8,6100.11,6168.8,16.22
1557453600,1557457199,6162.33,6249.83,6161.43,6215.03,19.43
1557457200,1557460799,6222,6309.77,6208.9,6275.89,39.13
1557460800,1557464399,6271.05,6298.29,6221.96,6294.57,29.25
1557464400,1557467999,6278.04,6281.33,6241.1,6274.7,16.67
1557468000,1557471599,6264.74,6293.39,6257,6283.12,38.07
1557471600,1557475199,6283.11,6333.66,6275,6323.01,16.42
1557475200,1557478799,6324.87,6336.77,6262.5,6288.38,35.44
1557478800,1557482399,6274.08,6294.51,6262.5,6277.42,17.73
1557482400,1557485999,6277.96,6313.52,6263.51,6263.51,13.89
1557486000,1557489599,6262.4,6288,6261.57,6281,4.74
1557489600,1557493199,6281,6290,6238,6282.56,16.79
1557493200,1557496799,6275,6300.34,6258.37,6258.37,45.31
1557496800,1557500399,6255.49,6272.51,6231.82,6259.87,26.87
1557500400,1557503999,6246.37,6317.08,6231.55,6317.02,25.63
1557504000,1557507599,6300.85,6432.01,6295.78,6375.5,46.01
1557507600,1557511199,6362.8,6416.55,6339.19,6401.11,20.98
1557511200,1557514799,6411.89,6426.9,6375.03,6390.2,14.3
1557514800,1557518399,6388.29,6400.03,6362.07,6366.19,18.52
1557518400,1557521999,6366.79,6372.31,6230.82,6291.33,32.46
1557522000,1557525599,6269.96,6332.41,6269.86,6332.41,17.65
1557525600,1557529199,6323.88,6386.28,6319.11,6384.2,28.3
1557529200,1557532799,6384.2,6384.2,6327.11,6348.68,13.28
1557532800,1557536399,6348.68,6390.06,6348.68,6371.71,14.15
1557536400,1557539999,6386.66,6474.87,6371.56,6470.82,28.94
1557540000,1557543599,6475,6518.52,6444.8,6517.46,19.17
1557543600,1557547199,6502.57,6578.12,6502.57,6568.02,23.81
1557547200,1557550799,6554.37,6782.09,6536.2,6707.42,52.81
1557550800,1557554399,6698.91,6744.97,6652,6700.14,32.49
1557554400,1557557999,6717.52,6985,6696.25,6820,95.62
1557558000,1557561599,6801,6869.56,6762.63,6809.68,23.5
1557561600,1557565199,6809.69,6820,6656.56,6682.37,28.84
1557565200,1557568799,6686.39,6822.08,6686.39,6779.42,20.59
1557568800,1557572399,6811.89,6853.3,6782.51,6842.63,20.28
1557572400,1557575999,6836.11,6840.58,6783,6783,37.99
1557576000,1557579599,6783,6809.3,6730.62,6777.31,12.78
1557579600,1557583199,6779.78,6814.86,6770.26,6808.83,4.83
1557583200,1557586799,6803.78,6813.36,6763.67,6782.46,13.61
1557586800,1557590399,6784.23,6920,6745.51,6920,37.37
1557590400,1557593999,6920,7000,6888.64,6936.25,53.42
1557594000,1557597599,6918.88,6981.1,6885.83,6969.2,12.52
1557597600,1557601199,6975.99,7029.97,6931.39,6959.25,27.34
1557601200,1557604799,6948.76,6966.66,6894.48,6935.54,12.42
1557604800,1557608399,6948.46,6979.21,6911.04,6974,5.6
1557608400,1557611999,6964.53,7092.63,6939.34,7092.63,11.48
1557612000,1557615599,7080.02,7333,7077.25,7270,40.59
1557615600,1557619199,7250,7450,7181.14,7218.32,52.31
1557619200,1557622799,7252.28,7302,6936.61,7071.51,95.76
1557622800,1557626399,7061.94,7267.85,7061,7199.99,43.57
1557626400,1557629999,7195.82,7269.15,7171.97,7171.97,42.19
1557630000,1557633599,7151.92,7220.2,7128,7147.42,19.81
1557633600,1557637199,7165,7227.12,7164.99,7199.13,16.36
1557637200,1557640799,7202.64,7372.69,7202.64,7336.88,17.49
1557640800,1557644399,7334.28,7422.77,7300,7401.29,49.36
1557644400,1557647999,7397.25,7561.86,7397.25,7530,37.15
1557648000,1557651599,7531,7576.98,7156.34,7412.8,130.94
1557651600,1557655199,7429.22,7556.78,7290.79,7393.19,40.21
1557655200,1557658799,7362.69,7462.5,7219,7262.5,29.71
1557658800,1557662399,7274.3,7305.21,6963.9,7167,104.75
1557662400,1557665999,7175.31,7184.51,7037.62,7183.21,62.48
1557666000,1557669599,7178.22,7248.55,7100.03,7106.82,29.84
1557669600,1557673199,7106,7153.67,6896.84,6937.5,45.3
1557673200,1557676799,6944.93,7012.5,6753.56,6851.54,57.28
1557676800,1557680399,6862.28,6962.48,6808.06,6833.67,30.46
1557680400,1557683999,6831.6,6950.47,6831.6,6896.93,11.83
1557684000,1557687599,6912.5,7072.18,6912.5,7072.18,12.47
1557687600,1557691199,7082.91,7082.91,6968.13,7012.64,7.43
1557691200,1557694799,7012.5,7183.54,6998.66,7178.52,25.13
1557694800,1557698399,7165,7165,7062,7153.67,16.91
1557698400,1557701999,7151.79,7151.79,6852.09,6987.47,21.44
1557702000,1557705599,6980.94,6987.5,6887.5,6970,12.68
1557705600,1557709199,6979.06,7037.5,6887.5,7018.55,14
1557709200,1557712799,7035,7068,7033.09,7036.24,6.25
1557712800,1557716399,7018,7047.96,6987.5,7037.5,0.928
1557716400,1557719999,7050,7066.32,6992.85,7015.52,4.67
1557720000,1557723599,7015.41,7087.5,7009.83,7087.5,0.774
1557723600,1557727199,7091.85,7132,7031.81,7035,9.79
1557727200,1557730799,7059.13,7075.84,7017.78,7075.84,2.21
1557730800,1557734399,7070,7070,7003.97,7021.04,5.02
1557734400,1557737999,7037,7056.6,7003.39,7050,4.36
1557738000,1557741599,7050,7112.21,7050,7063.73,7.58
1557741600,1557745199,7096.02,7109.78,7056.91,7109.78,7.96
1557745200,1557748799,7096.54,7334.22,7095.49,7254.94,44.49
1557748800,1557752399,7250,7350,7250,7350,24.68
1557752400,1557755999,7350,7441.46,7344.07,7392.56,38.44
1557756000,1557759599,7370.94,7575,7360,7524.61,39.95
1557759600,1557763199,7495.01,7949.92,7495,7831.89,111.32
1557763200,1557766799,7827.42,7968.6,7769.54,7921.42,75.73
1557766800,1557770399,7919.24,7965.71,7786.08,7809.69,66.17
1557770400,1557773999,7815.58,7906.7,7765.26,7862.74,42.47
1557774000,1557777599,7863.45,7965.71,7821.69,7910.38,30.38
1557777600,1557781199,7900.07,7917,7785.01,7880.75,28.83
1557781200,1557784799,7864.6,8158.16,7864.6,8086.52,158.5
1557784800,1557788399,8117.68,8156.72,7871.76,7924.41,83.71
1557788400,1557791999,7925.01,7931.32,7610,7830.2,127.9
1557792000,1557795599,7816.88,7983.57,7788.78,7910.85,34
1557795600,1557799199,7921.73,8084.99,7905.82,7995,38.38
1557799200,1557802799,7993.09,8008.76,7851.42,7917.66,35.46
1557802800,1557806399,7922.8,7982.38,7885,7973.14,16.23
1557806400,1557809999,7982.65,8064.91,7962.49,8031.12,24.34
1557810000,1557813599,8026.29,8082.08,7974.72,8005.43,32.7
1557813600,1557817199,7998.86,8060.33,7972.19,8059.71,17.99
1557817200,1557820799,8076.37,8320,8076.37,8313.5,53.27
1557820800,1557824399,8330,8339.94,7900.09,8031.17,53.97
1557824400,1557827999,8004.3,8145.61,7997.65,8055.68,26.3
1557828000,1557831599,8045.01,8078.26,7925.51,8078.26,10.51
1557831600,1557835199,8055.23,8100,8015.03,8041.94,8.63
1557835200,1557838799,8064.27,8210,8064.27,8207.24,17.72
1557838800,1557842399,8200,8200,8109.34,8158,15.53
1557842400,1557845999,8158,8193.07,7941,8051.55,28.82
1557846000,1557849599,8043.3,8096.52,7954.45,7957.06,20.4
1557849600,1557853199,7950.55,8034.76,7750,8014.83,49.39
1557853200,1557856799,8003.86,8055.68,7940,8045.51,14.34
1557856800,1557860399,8064.98,8064.99,7809.48,7814.72,19.18
1557860400,1557863999,7815,7832.42,7700,7771.96,53.4
1557864000,1557867599,7776.61,7871.43,7630,7728.06,28.33
1557867600,1557871199,7730,7831.5,7626,7788.81,36.62
1557871200,1557874799,7787,7957.29,7787,7930.43,20.16
1557874800,1557878399,7927.84,8047.56,7865.95,8002,18.75
1557878400,1557881999,8011.11,8146.9,7969.79,8031.19,25.97
1557882000,1557885599,8041.52,8081.29,7991.32,8011.49,7.72
1557885600,1557889199,8010,8070,7961.63,8069.99,9.99
1557889200,1557892799,8063.5,8132.04,8029.69,8073.93,9.56
1557892800,1557896399,8066.26,8066.26,7984.61,7987.97,6.36
1557896400,1557899999,7995.3,8082.14,7995.22,8023.6,3.91
1557900000,1557903599,8048.87,8066.47,7988.7,7999.03,16.67
1557903600,1557907199,8017.58,8020.55,7860,7922.59,29.44
1557907200,1557910799,7889.68,7971.38,7874.86,7884.6,3.93
1557910800,1557914399,7911.17,8070.06,7911.17,8044.81,5.15
1557914400,1557917999,8090.89,8172.87,8058.42,8071.93,31.87
1557918000,1557921599,8093.05,8111.76,7950,7950,19.97
1557921600,1557925199,7970,8025.38,7896.86,7993.5,20.45
1557925200,1557928799,8001.38,8054.13,7891.87,7992.16,20.94
1557928800,1557932399,7979.05,8016.94,7933.45,7933.8,19.49
1557932400,1557935999,7951.15,8041.63,7935,8024.68,28.63
1557936000,1557939599,8039.24,8080,7950,8026.02,49.5
1557939600,1557943199,8024.56,8139.99,8007.78,8109.56,16.8
1557943200,1557946799,8115.72,8256.77,8062.55,8231.02,24.36
1557946800,1557950399,8234.08,8269.58,8074.67,8204,27.27
1557950400,1557953999,8198.53,8258.42,8118.82,8156.13,41.59
1557954000,1557957599,8144.16,8184.8,8109.83,8150.81,18.38
1557957600,1557961199,8156.07,8220,8139.67,8209.99,16.1
1557961200,1557964799,8210,8290,8160.02,8213.31,51.26
1557964800,1557968399,8200.02,8374,8165,8326.44,36.77
1557968400,1557971999,8350.58,8384,8267.6,8318.41,29.12
1557972000,1557975599,8325.42,8349.59,8278.65,8322.8,12.78
1557975600,1557979199,8322.34,8322.34,8213.77,8226,27.68
1557979200,1557982799,8245.26,8245.26,7855.36,7980.71,119.48
1557982800,1557986399,7977.75,8065.39,7953.01,7998.42,29.5
1557986400,1557989999,7964.88,8120,7948.35,8120,17.81
1557990000,1557993599,8127.99,8127.99,7999.24,7999.24,8.45
1557993600,1557997199,7976.08,8050,7970.88,8003.95,5.84
1557997200,1558000799,7982.67,8058.1,7950,7959.19,6.64
1558000800,1558004399,7989.68,7989.68,7750.71,7847.24,41.94
1558004400,1558007999,7858.79,7943.61,7845,7862.71,28.13
1558008000,1558011599,7864.42,7905.37,7745.02,7799.65,17.43
1558011600,1558015199,7786.58,7870.9,7786.58,7870.9,18.65
1558015200,1558018799,7869.57,8008.08,7869.57,7959.75,23.44
1558018800,1558022399,7963.87,8045.3,7944.92,8028.86,22.95
1558022400,1558025999,8028.43,8048.36,7925,7925,25.47
1558026000,1558029599,7913.15,7958.26,7867.99,7919.15,13.8
1558029600,1558033199,7926.28,7956.49,7867.99,7900.59,6.12
1558033200,1558036799,7900.7,7903.08,7769.44,7842.07,35.09
1558036800,1558040399,7858.5,7891.99,7690,7690,18.07
1558040400,1558043999,7675.49,7958.39,7663.39,7914.54,31.1
1558044000,1558047599,7901.45,7948.87,7811.74,7827.22,4.53126021
1558047600,1558051199,7822.0,7889.58,7815.07,7889.58,6.30437012
1558051200,1558054799,7893.53,7939.74,7880.64,7880.64,4.99895792
1558054800,1558058399,7876.32,7876.32,7750.0,7789.99,9.11375154
1558058400,1558061999,7828.49,7836.89,7480.12,7488.97,41.01963843
1558062000,1558065599,7480.49,7480.5,6675.0,7293.81,306.49884665
1558065600,1558069199,7305.42,7442.76,7192.76,7219.67,51.20221667
1558069200,1558072799,7259.46,7331.47,7125.78,7132.75,39.45207582
1558072800,1558076399,7141.63,7227.38,7068.08,7174.04,51.47219093
1558076400,1558079999,7160.71,7354.01,7160.71,7294.0,47.81767647
1558080000,1558083599,7294.88,7332.42,7215.97,7259.72,23.59760248
1558083600,1558087199,7270.8,7311.17,7219.61,7262.73,14.53640708
1558087200,1558090799,7262.61,7273.01,7152.63,7214.66,17.25768651
1558090800,1558094399,7212.5,7242.97,7062.5,7149.69,34.54448318
1558094400,1558097999,7149.76,7149.78,6904.64,7105.33,76.19790267
1558098000,1558101599,7105.12,7181.8,7045.44,7181.75,32.4633814
1558101600,1558105199,7187.48,7269.61,7137.56,7137.56,20.25080627
1558105200,1558108799,7137.54,7179.1,7067.6,7081.06,13.3396452
1558108800,1558112399,7096.27,7195.61,6980.36,7110.0,20.31317714
1558112400,1558115999,7094.38,7112.42,6978.47,7039.83,19.43971246
1558116000,1558119599,7039.7,7117.97,6987.5,7087.43,19.82480654
1558119600,1558123199,7091.72,7144.62,7030.0,7144.33,32.49451873
1558123200,1558126799,7148.24,7148.24,7062.95,7100.37,9.74598945
1558126800,1558130399,7119.98,7281.79,7101.46,7255.36,27.27082837
1558130400,1558133999,7267.06,7329.14,7200.56,7248.24,19.26336065
1558134000,1558137599,7243.42,7387.45,7243.42,7387.45,11.39880161
1558137600,1558141199,7387.4,7437.5,7290.0,7301.47,11.58488964
1558141200,1558144799,7336.69,7358.46,7262.5,7285.2,13.31086549
1558144800,1558148399,7300.0,7314.24,7290.7,7310.17,4.76682929
1558148400,1558151999,7314.21,7376.6,7314.2,7374.61,18.96130089
1558152000,1558155599,7380.0,7419.91,7325.0,7419.91,27.88634283
1558155600,1558159199,7420.29,7484.5,7397.12,7448.92,21.07580471
1558159200,1558162799,7438.87,7449.0,7355.15,7374.23,9.43730122
1558162800,1558166399,7381.65,7384.0,7295.0,7362.39,18.27829707
1558166400,1558169999,7362.5,7410.99,7324.82,7337.85,10.96784074
1558170000,1558173599,7317.51,7333.81,7200.01,7304.43,12.50002209
1558173600,1558177199,7305.0,7317.79,7271.93,7306.04,2.96454582
1558177200,1558180799,7312.5,7365.0,7308.42,7331.4,6.96386505
1558180800,1558184399,7321.2,7357.26,7303.0,7305.22,2.56080278
1558184400,1558187999,7307.08,7347.64,7281.17,7347.64,2.59679663
1558188000,1558191599,7330.23,7380.32,7327.16,7340.58,2.24588244
1558191600,1558195199,7342.51,7403.87,7340.03,7360.0,10.07263879
1558195200,1558198799,7360.0,7379.0,7332.37,7334.44,26.70630333
1558198800,1558202399,7312.5,7329.37,7266.55,7278.0,6.97061979
1558202400,1558205999,7275.0,7297.93,7225.66,7269.28,3.49793944
1558206000,1558209599,7262.5,7300.01,7232.53,7232.66,2.21572568
1558209600,1558213199,7249.99,7300.02,7236.52,7291.25,7.54678603
1558213200,1558216799,7287.49,7350.59,7263.82,7316.42,12.64837975
1558216800,1558220399,7331.5,7347.08,7280.03,7280.03,6.7202468
1558220400,1558223999,7280.0,7328.96,7250.0,7254.62,14.53018743
1558224000,1558227599,7250.0,7312.5,7248.01,7312.5,3.95662815
1558227600,1558231199,7325.42,7649.52,7325.42,7630.0,34.78631821
1558231200,1558234799,7624.22,7874.98,7624.22,7738.06,38.93504904
1558234800,1558238399,7694.88,7969.0,7694.88,7955.78,23.04256884
1558238400,1558241999,7929.72,8025.27,7858.38,7993.96,23.29112857
1558242000,1558245599,7964.6,8021.77,7912.83,7935.12,9.68029148
1558245600,1558249199,7957.95,7996.12,7925.28,7927.75,13.99746336
1558249200,1558252799,7930.4,8016.61,7913.65,7973.91,11.34506949
1558252800,1558256399,7966.24,8021.64,7924.89,7985.51,11.35630427
1558256400,1558259999,7980.95,8100.0,7960.79,8100.0,23.9185041
1558260000,1558263599,8114.13,8150.0,8043.6,8075.38,10.43592822
1558263600,1558267199,8064.08,8109.81,7994.92,8025.0,18.19809297
1558267200,1558270799,8025.23,8059.24,7806.39,7917.17,31.91564902
1558270800,1558274399,7907.03,7982.46,7864.69,7881.01,18.72146553
1558274400,1558277999,7881.03,7959.63,7881.03,7959.63,4.95236059
1558278000,1558281599,7964.8,8005.0,7925.54,7975.11,2.99663394
1558281600,1558285199,7988.53,7988.53,7900.0,7943.56,12.64324717
1558285200,1558288799,7959.38,8049.83,7935.01,8001.16,8.45455981
1558288800,1558292399,7986.17,7999.99,7970.58,7999.98,2.12296045
1558292400,1558295999,7996.55,8075.0,7940.0,7954.97,25.19413894
1558296000,1558299599,7974.53,8020.0,7930.0,8020.0,14.77194013
1558299600,1558303199,8015.8,8085.34,8015.8,8068.34,13.85753779
1558303200,1558306799,8071.63,8250.0,8033.71,8219.0,15.27164873
1558306800,1558310399,8224.12,8300.0,8188.73,8197.31,33.43164197
1558310400,1558313999,8199.94,8199.95,7825.1,7944.34,61.61448741
1558314000,1558317599,7941.62,7988.21,7867.14,7960.96,17.39794206
1558317600,1558321199,7954.83,7961.0,7880.42,7916.0,4.63946311
1558321200,1558324799,7945.78,8087.75,7945.78,8056.84,17.16658667
1558324800,1558328399,8056.83,8139.98,8029.71,8038.98,8.89134284
1558328400,1558331999,8035.0,8035.0,7973.03,7998.92,4.74858023
1558332000,1558335599,7987.16,8008.38,7857.79,7890.52,14.29230587
1558335600,1558339199,7902.35,8007.8,7851.0,7895.4,12.13679506
1558339200,1558342799,7895.4,7929.54,7783.61,7929.53,69.99890442
1558342800,1558346399,7936.89,7950.0,7830.74,7914.38,15.02495674
1558346400,1558349999,7895.69,7973.59,7895.69,7928.8,22.53251073
1558350000,1558353599,7927.05,7948.73,7860.0,7864.88,3.24082199
1558353600,1558357199,7864.91,7933.34,7679.97,7733.75,46.00447034
1558357200,1558360799,7718.61,7759.04,7569.83,7759.04,48.43309293
1558360800,1558364399,7760.5,7822.34,7704.71,7815.42,48.30609128
1558364400,1558367999,7812.85,7855.53,7769.17,7855.53,6.59573514
1558368000,1558371599,7883.29,7896.17,7833.71,7833.71,6.30874078
1558371600,1558375199,7853.27,7875.36,7770.39,7777.0,20.21506445
1558375200,1558378799,7760.0,7812.51,7687.51,7791.71,5.66930571
1558378800,1558382399,7786.51,7866.24,7753.89,7806.7,5.18086434
1558382400,1558385999,7811.22,8028.11,7788.45,8015.42,15.35165113
1558386000,1558389599,8024.65,8144.93,8000.0,8041.08,28.60047991
1558389600,1558393199,8042.87,8112.91,7908.44,7926.0,17.67640381
1558393200,1558396799,7935.11,8025.0,7920.45,8025.0,23.82724084
1558396800,1558400399,8025.0,8047.72,7919.86,7960.3,9.23647923
1558400400,1558403999,7965.93,7983.52,7919.12,7931.64,1.2420003
1558404000,1558407599,7916.47,7929.74,7852.55,7929.74,6.38164654
1558407600,1558411199,7952.1,7966.65,7920.0,7925.99,5.14658223
1558411200,1558414799,7912.53,7946.51,7862.73,7862.73,6.1675201
1558414800,1558418399,7859.7,7946.11,7858.8,7946.11,2.20794612
1558418400,1558421999,7937.67,7955.45,7910.0,7941.35,2.17694005
1558422000,1558425599,7950.0,7970.0,7926.93,7941.68,6.87974671
1558425600,1558429199,7926.0,7976.1,7925.0,7955.17,6.85875557
1558429200,1558432799,7949.19,8037.93,7943.08,7981.61,11.65887673
1558432800,1558436399,7971.99,7971.99,7910.0,7919.42,5.21095189
1558436400,1558439999,7939.41,7939.41,7825.21,7869.33,12.16819489
1558440000,1558443599,7864.28,7940.0,7825.0,7940.0,3.95510825
1558443600,1558447199,7954.19,7999.97,7866.88,7919.91,14.33921786
1558447200,1558450799,7934.74,7966.48,7885.79,7966.48,5.18562454
1558450800,1558454399,7966.55,7983.2,7909.03,7918.2,23.06856248
1558454400,1558457999,7902.75,7953.19,7900.0,7920.16,2.84049162
1558458000,1558461599,7920.01,8024.97,7910.17,8006.99,7.2170312
1558461600,1558465199,8024.48,8062.47,7976.88,8035.1,33.69820858
1558465200,1558468799,8035.1,8042.93,7987.0,8037.81,10.96547616
1558468800,1558472399,8037.76,8099.99,8022.92,8087.79,21.37403674
1558472400,1558475999,8080.85,8108.44,7975.43,7983.0,11.25665498
1558476000,1558479599,7975.0,7985.0,7910.0,7982.75,15.67740731
1558479600,1558483199,7981.09,8008.51,7956.46,7969.76,5.11895916
1558483200,1558486799,7969.33,8024.74,7954.47,8020.21,3.72862999
1558486800,1558490399,8021.44,8021.44,7950.0,7950.0,4.34519163
1558490400,1558493999,7950.0,7976.64,7927.07,7959.14,0.83633074
1558494000,1558497599,7950.0,7970.88,7934.0,7934.0,7.50588669
1558497600,1558501199,7931.08,7946.34,7864.44,7946.34,6.023594
1558501200,1558504799,7942.9,7965.9,7919.5,7957.37,1.10877512
1558504800,1558508399,7958.15,7958.97,7926.21,7926.21,9.51087191
1558508400,1558511999,7924.0,7943.27,7852.23,7920.91,16.67963499
1558512000,1558515599,7930.75,7955.04,7930.75,7938.75,3.07431483
1558515600,1558519199,7928.64,7953.61,7897.34,7897.34,1.85284815
1558519200,1558522799,7890.14,7931.02,7868.88,7881.01,4.83896059
1558522800,1558526399,7881.01,7881.01,7753.55,7816.99,14.0075993
1558526400,1558529999,7807.84,7863.53,7773.76,7773.76,8.78732547
1558530000,1558533599,7817.0,7870.85,7805.36,7851.72,8.65845514
1558533600,1558537199,7858.65,7892.62,7853.86,7877.18,2.88080995
1558537200,1558540799,7875.19,8034.99,7858.02,7988.05,21.00564879
1558540800,1558544399,7985.03,7990.73,7938.14,7956.86,11.32542515
1558544400,1558547999,7959.03,7971.41,7876.54,7904.08,4.83583856
1558548000,1558551599,7915.33,7938.17,7864.34,7925.91,8.21691412
1558551600,1558555199,7924.69,7938.79,7887.9,7938.79,4.58953061
1558555200,1558558799,7939.99,7945.0,7688.13,7832.62,79.98909892
1558558800,1558562399,7815.09,7823.95,7630.0,7677.37,22.50890071
1558562400,1558565999,7670.33,7739.02,7484.75,7712.43,58.45167723
1558566000,1558569599,7700.72,7721.09,7620.44,7620.44,22.1172071
1558569600,1558573199,7611.93,7653.11,7550.0,7653.11,20.11939514
1558573200,1558576799,7653.11,7677.73,7593.92,7623.95,1.27061979
1558576800,1558580399,7635.08,7681.0,7612.14,7662.66,7.23058215
1558580400,1558583999,7667.83,7667.83,7621.1,7665.15,11.10681812
1558584000,1558587599,7675.0,7694.76,7639.62,7662.23,6.3291867
1558587600,1558591199,7663.89,7674.5,7580.44,7620.05,6.10657231
1558591200,1558594799,7612.71,7652.0,7561.26,7652.0,17.27665751
1558594800,1558598399,7640.9,7642.42,7585.48,7601.1,11.71925325
1558598400,1558601999,7594.0,7595.65,7556,7568.0,9.50096913
1558602000,1558605599,7563.24,7570.64,7475,7569.99,23.83398876
1558605600,1558609199,7570,7651.6,7570.0,7640.0,9.13234028
1558609200,1558612799,7640,7647.91,7599.89,7599.89,3.57057127
1558612800,1558616399,7590.16,7646.72,7563.68,7629.18,14.56158157
1558616400,1558619999,7657.3,7689.87,7640.51,7662.25,4.28572249
1558620000,1558623599,7685.0,7760.0,7676.49,7760.0,7.66366826
1558623600,1558627199,7754.46,7824.68,7747.06,7777.78,11.20101013
1558627200,1558630799,7795.0,7855.04,7789.42,7832.04,12.90370536
1558630800,1558634399,7834.44,7876.04,7755.67,7782.04,9.68804654
1558634400,1558637999,7790.41,7815.09,7759.06,7778.86,4.23651071
1558638000,1558641599,7792.91,7796.73,7729.06,7790.69,8.60138935
1558641600,1558645199,7800.8,7870,7780.16,7870.0,10.37063873
1558645200,1558648799,7876.32,7950,7821.67,7921.4,16.58315932
1558648800,1558652399,7917.11,7982.33,7878.82,7904.0,19.80028303
1558652400,1558655999,7909.12,7940.65,7854.0,7871.35,3.66936082
1558656000,1558659599,7882.23,7890.0,7841.17,7890.0,17.46586159
1558659600,1558663199,7910.0,7914.88,7850.04,7850.04,2.59419416
1558663200,1558666799,7874.93,7877.91,7834.95,7866.3,6.77174075
1558666800,1558670399,7844.7,7888.95,7835.0,7868.01,3.36002514
1558670400,1558673999,7884.66,7884.66,7843.0,7843.0,1.0856479
1558674000,1558677599,7830.91,7836.06,7803.47,7836.06,3.16613441
1558677600,1558681199,7821.36,7882.86,7821.36,7877.83,0.86122897
1558681200,1558684799,7889.74,7905.83,7860.76,7880.12,10.43812144
1558684800,1558688399,7890.0,8025,7890.0,7989.52,14.09352766
1558688400,1558691999,7975.01,7990,7955.21,7965.05,1.39087315
1558692000,1558695599,7978.85,8035.79,7973.04,7990.0,9.00577179
1558695600,1558699199,7977.53,8073.26,7977.53,8038.29,10.07552796
1558699200,1558702799,8019.34,8050.0,8000.03,8050.0,3.49020481
1558702800,1558706399,8032.26,8032.26,7978.83,7983.16,7.98641527
1558706400,1558709999,7993.7,8062.45,7986.72,8057.03,11.11933415
1558710000,1558713599,8065.98,8158.87,8050.01,8103.45,34.13769652
1558713600,1558717199,8100.49,8180.0,8090.0,8090.0,10.42977704
1558717200,1558720799,8070.0,8117.46,8045.72,8087.48,5.97089825
1558720800,1558724399,8072.84,8088.92,8046.98,8076.17,6.05879387
1558724400,1558727999,8075.0,8075.0,8020.0,8061.04,7.09078853
1558728000,1558731599,8070,8114.82,8064.34,8114.82,6.31859563
1558731600,1558735199,8120,8129.7,8053.55,8053.55,5.95896036
1558735200,1558738799,8061.73,8089.74,8038.1,8045.91,4.71600044
1558738800,1558742399,8045.7,8045.7,7936.08,8009.63,10.45355485
1558742400,1558745999,8010.0,8022.99,7987.96,8003.23,1.51332
1558746000,1558749599,8003.98,8064.33,8003.0,8048.53,2.64486393
1558749600,1558753199,8043.88,8050.96,8020.63,8036.63,0.98089379
1558753200,1558756799,8029.14,8029.14,8004.65,8004.65,0.2524095
1558756800,1558760399,8024.51,8040.17,8021.52,8021.52,1.05897239
1558760400,1558763999,8021.52,8021.52,7980.0,7980.0,0.69787755
1558764000,1558767599,7980.0,8010.0,7962.79,7965.94,0.88810738
1558767600,1558771199,7966.32,7996.96,7959.24,7996.96,5.7657942
1558771200,1558774799,7994.72,8042.17,7988.24,8042.17,1.63681341
1558774800,1558778399,8047.29,8085.0,8018.48,8085.0,2.01915003
1558778400,1558781999,8085.0,8121.83,8079.25,8108.6,5.3489567
1558782000,1558785599,8109.87,8137.42,8090.71,8090.75,2.84757446
1558785600,1558789199,8072.5,8093.85,8060.53,8093.85,3.24639508
1558789200,1558792799,8070.0,8081.73,8037.58,8047.77,7.59631622
1558792800,1558796399,8041.88,8085.07,8024.99,8083.13,1.75702813
1558796400,1558799999,8084.97,8107.78,8067.0,8069.42,2.89913984
1558800000,1558803599,8070.0,8090.46,8034.04,8056.8,13.77948399
1558803600,1558807199,8050.24,8075.34,8038.1,8064.85,4.35957742
1558807200,1558810799,8068.79,8101.96,8038.1,8040.63,1.91919514
1558810800,1558814399,8044.95,8053.21,8000.0,8023.4,4.37980785
1558814400,1558817999,8048.9,8074.54,8045.77,8052.55,2.72334588
1558818000,1558821599,8046.7,8075.25,8043.13,8059.0,2.99316189
1558821600,1558825199,8057.42,8082.33,8057.42,8082.33,0.47508955
1558825200,1558828799,8082.33,8082.71,8036.16,8082.71,1.24583583
1558828800,1558832399,8080.77,8082.25,8053.19,8058.41,5.18589502
1558832400,1558835999,8058.62,8058.62,8039.0,8051.13,1.35842291
1558836000,1558839599,8051.14,8069.99,8025.0,8026.23,1.4216741
1558839600,1558843199,8029.06,8044.3,8010.0,8010.0,3.7027606
1558843200,1558846799,8000.02,8041.39,7990.2,8036.86,1.80636487
1558846800,1558850399,8036.85,8036.85,7992.64,8006.33,0.5315216
1558850400,1558853999,7999.87,8012.18,7953.65,7987.91,1.21995262
1558854000,1558857599,7990.0,8025.56,7983.19,7990.07,0.35570648
1558857600,1558861199,7996.0,8019.8,7993.17,8009.72,0.82840482
1558861200,1558864799,8013.45,8026.41,8007.19,8012.0,0.65012676
1558864800,1558868399,8012.0,8012.0,7965.02,7978.66,2.58183388
1558868400,1558871999,7978.7,7981.33,7900.01,7916.46,10.13973726
1558872000,1558875599,7921.83,7976.5,7916.83,7950.25,5.17660529
1558875600,1558879199,7950.01,8012.83,7940.34,8006.76,4.10082988
1558879200,1558882799,7998.76,8028.87,7983.87,8016.3,4.04262743
1558882800,1558886399,8000.0,8026.81,7990.4,8026.81,2.25684896
1558886400,1558889999,8025.0,8025.0,7990.15,8015.84,1.82062939
1558890000,1558893599,8007.89,8020.37,7992.7,8002.43,3.04296342
1558893600,1558897199,7998.52,8024.42,7998.52,8024.42,0.5339994
1558897200,1558900799,8020.98,8595.94,8020.98,8574.14,132.27532265
1558900800,1558904399,8596.0,8804.16,8561.27,8581.89,85.66364914
1558904400,1558907999,8575.17,8663.0,8516.19,8640.2,30.91745748
1558908000,1558911599,8638.84,8780.95,8625.53,8669.68,55.74879124
1558911600,1558915199,8671.42,8760.59,8671.42,8747.99,8.09422675
1558915200,1558918799,8732.61,8929.99,8626.57,8894.59,142.76249959
1558918800,1558922399,8888.96,8960.0,8805.42,8831.8,96.22105409
1558922400,1558925999,8837.49,8839.96,8688.2,8779.75,21.0605173
1558926000,1558929599,8757.91,8821.52,8755.7,8756.35,10.68134799
1558929600,1558933199,8768.49,8777.0,8693.69,8728.0,7.54721812
1558933200,1558936799,8728.0,8766.72,8720.0,8722.91,7.09596471
1558936800,1558940399,8748.6,8795.94,8735.07,8769.01,26.8396799
1558940400,1558943999,8762.53,8818.2,8762.53,8787.19,5.39186418
1558944000,1558947599,8772.6,8772.6,8710.01,8728.87,12.27807234
1558947600,1558951199,8741.23,8774.43,8728.88,8757.56,4.15841918
1558951200,1558954799,8744.57,8762.97,8717.23,8760.42,1.54276392
1558954800,1558958399,8739.19,8739.96,8678.13,8730.57,7.36024188
1558958400,1558961999,8746.16,8839.98,8746.16,8823.33,28.55316901
1558962000,1558965599,8830.0,8850.0,8800.06,8808.15,20.37234437
1558965600,1558969199,8800.0,8838.48,8769.18,8799.49,15.49130636
1558969200,1558972799,8798.66,8911.32,8791.31,8850.36,25.57629366
1558972800,1558976399,8849.68,8929.37,8650.61,8704.87,71.85756665
1558976400,1558979999,8695.61,8765.35,8685.0,8717.97,18.32321055
1558980000,1558983599,8711.09,8830.96,8692.25,8821.9,13.5127312
1558983600,1558987199,8822.65,8836.1,8782.95,8808.32,4.33866274
1558987200,1558990799,8819.61,8839.2,8720.85,8745.03,6.04294953
1558990800,1558994399,8760.62,8822.96,8730.83,8818.38,3.47204536
1558994400,1558997999,8809.91,8822.55,8767.18,8819.45,1.44650594
1558998000,1559001599,8818.56,8848.63,8774.0,8788.89,8.31812233
1559001600,1559005199,8796.37,8802.82,8742.14,8768.08,1.4270513
1559005200,1559008799,8770.62,8807.02,8770.62,8790.53,4.2457797
1559008800,1559012399,8781.14,8829.76,8778.97,8785.0,4.53282792
1559012400,1559015999,8785.02,8792.53,8761.57,8790.42,1.98243365
1559016000,1559019599,8792.02,8808.79,8765.22,8783.0,2.16130246
1559019600,1559023199,8783.0,8788.66,8710.32,8736.76,3.58741217
1559023200,1559026799,8735.0,8752.49,8702.87,8742.07,2.32748891
1559026800,1559030399,8718.67,8742.24,8670.0,8732.9,14.95039894
1559030400,1559033999,8735.12,8743.86,8701.54,8738.85,1.62224466
1559034000,1559037599,8752.46,8755.33,8660.01,8723.94,9.16495266
1559037600,1559041199,8713.45,8725.25,8666.09,8692.25,5.21479592
1559041200,1559044799,8703.0,8746.91,8698.77,8746.91,2.20364399
1559044800,1559048399,8744.24,8772.96,8712.51,8735.43,2.13624527
1559048400,1559051999,8734.99,8735.0,8556.89,8661.82,28.26158984
1559052000,1559055599,8671.29,8704.44,8651.71,8704.44,2.71989414
1559055600,1559059199,8696.87,8721.06,8678.27,8702.02,12.33757308
1559059200,1559062799,8702.29,8705.2,8643.0,8666.58,6.38680724
1559062800,1559066399,8657.92,8809.6,8657.92,8760.0,45.95237778
1559066400,1559069999,8745.9,8762.01,8712.92,8750.27,9.99599218
1559070000,1559073599,8765.0,8771.65,8660.0,8690.14,11.51626108
1559073600,1559077199,8709.82,8715.11,8684.6,8688.65,5.97528755
1559077200,1559080799,8688.65,8710.0,8666.99,8708.48,2.04348911
1559080800,1559084399,8722.14,8740.12,8688.62,8707.33,6.04864823
1559084400,1559087999,8701.88,8743.63,8683.77,8743.63,2.18399719
1559088000,1559091599,8703.66,8710.0,8668.35,8710.0,1.84169986
1559091600,1559095199,8711.6,8711.6,8663.47,8663.47,1.92062303
1559095200,1559098799,8663.04,8663.04,8619.84,8645.0,6.04685818
1559098800,1559102399,8647.29,8664.73,8621.02,8641.85,25.48763228
1559102400,1559105999,8651.7,8651.7,8522.2,8581.06,22.13125467
1559106000,1559109599,8592.62,8601.86,8417.85,8470.0,20.16490772
1559109600,1559113199,8451.28,8528.0,8450.14,8506.38,13.68791167
1559113200,1559116799,8498.65,8577.55,8495.2,8539.12,16.75337237
1559116800,1559120399,8522.0,8619.95,8512.07,8592.79,7.23020101
1559120400,1559123999,8592.14,8629.33,8572.17,8629.33,2.7165085
1559124000,1559127599,8637.04,8695.3,8628.01,8663.32,8.41895638
1559127600,1559131199,8665.73,8675.94,8619.58,8626.76,1.18527493
1559131200,1559134799,8633.26,8656.69,8616.57,8647.43,2.18325598
1559134800,1559138399,8641.63,8754.03,8635.31,8737.25,10.0882178
1559138400,1559141999,8743.93,8756.48,8696.66,8710.43,11.66750545
1559142000,1559145599,8710.43,8738.59,8680.34,8702.79,12.19161942
1559145600,1559149199,8680.11,8741.29,8653.18,8734.2,2.72409903
1559149200,1559152799,8739.36,8767.18,8687.35,8687.35,78.38081779
1559152800,1559156399,8690.73,8708.09,8670.35,8687.09,5.08243326
1559156400,1559159999,8697.13,8708.62,8676.66,8693.86,8.50896327
1559160000,1559163599,8701.75,8722.26,8624.47,8644.82,7.56361744
1559163600,1559167199,8641.0,8674.39,8631.3,8667.07,14.36512861
1559167200,1559170799,8674.39,8698.98,8674.39,8688.65,3.09363106
1559170800,1559174399,8694.14,8694.14,8638.61,8651.85,2.69825065
1559174400,1559177999,8642,8685.29,8616.55,8685.29,7.29200448
1559178000,1559181599,8695,8734.17,8570.0,8625.15,19.66568756
1559181600,1559185199,8619.22,8627.68,8564.15,8612.08,9.33763346
1559185200,1559188799,8612.85,8696.65,8599.12,8693.6,7.86190926
1559188800,1559192399,8699.45,8700.0,8665.54,8685.81,7.24070904
1559192400,1559195999,8701.3,8774.52,8701.3,8723.2,16.26135172
1559196000,1559199599,8707.9,8740.11,8703.2,8703.2,8.47689523
1559199600,1559203199,8700.0,8724.95,8683.99,8698.26,8.03677607
1559203200,1559206799,8700.92,8720.06,8678.66,8700.0,6.74287028
1559206800,1559210399,8699.73,8723.5,8675.81,8723.5,1.64033928
1559210400,1559213999,8720.3,8769.96,8720.12,8732.86,5.14828509
1559214000,1559217599,8732.88,8748.27,8713.88,8716.23,11.65184489
1559217600,1559221199,8716.8,8732.58,8678.11,8715.35,7.64055754
1559221200,1559224799,8717.0,8746.85,8706.97,8713.5,3.50577454
1559224800,1559228399,8721.92,8737.19,8715.06,8719.78,4.01403144
1559228400,1559231999,8726.0,8939.6,8726.0,8900.0,27.90188157
1559232000,1559235599,8940.0,9089.0,8583.47,8686.76,108.57584262
1559235600,1559239199,8658.77,8669.33,8531.65,8644.49,55.38269614
1559239200,1559242799,8619.41,8655.64,8602.53,8650.85,5.07523277
1559242800,1559246399,8656.39,8665.22,8557.14,8615.11,24.7224312
1559246400,1559249999,8617.61,8617.61,8396.01,8460.0,45.57271369
1559250000,1559253599,8460.0,8506.13,7859.05,8217.97,155.62696666
1559253600,1559257199,8200.01,8319.39,8173.71,8273.74,26.43439607
1559257200,1559260799,8279.14,8301.65,8206.81,8285.27,11.31485292
1559260800,1559264399,8310,8326.67,8290,8303.53,3.54287412
1559264400,1559267999,8306,8377.88,8306,8333.0,15.9054744
1559268000,1559271599,8333,8395.98,8251.04,8251.04,28.33334467
1559271600,1559275199,8250,8289.84,8218.05,8272.57,7.77012514
1559275200,1559278799,8252.92,8254.42,8145.54,8162.1,9.80497657
1559278800,1559282399,8150.0,8242.04,8110.75,8233.29,14.12020284
1559282400,1559285999,8226.25,8296.0,8226.25,8296,11.254496
1559286000,1559289599,8292.4,8292.4,8236.58,8290,1.40209662
1559289600,1559293199,8295.22,8327.1,8276.83,8280.0,4.37548979
1559293200,1559296799,8281.54,8329.48,8280.01,8328.94,5.1033296
1559296800,1559300399,8318.39,8343.99,8277.12,8280.38,11.2705842
1559300400,1559303999,8270.0,8270.0,8200.0,8251.3,18.11847591
1559304000,1559307599,8251.25,8300.0,8233.5,8300.0,3.3754822
1559307600,1559311199,8310.0,8441.8,8310.0,8428.24,12.95310971
1559311200,1559314799,8438.83,8464.72,8365.66,8417.0,9.30397296
1559314800,1559318399,8425.02,8434.88,8300.2,8347.82,7.71549004
1559318400,1559321999,8364.79,8466.17,8310.0,8391.9,8.638483
1559322000,1559325599,8394.26,8446.53,8394.26,8411.48,7.28555379
1559325600,1559329199,8407.62,8475.76,8392.56,8398.59,22.45045393
1559329200,1559332799,8436.86,8450.32,8407.84,8433.93,13.27941409
1559332800,1559336399,8456.28,8521.94,8439.69,8521.17,2.8944932
1559336400,1559339999,8518.65,8552.4,8484.06,8525.61,10.2059162
1559340000,1559343599,8530.9,8545.49,8479.01,8543.63,14.54166975
1559343600,1559347199,8537.14,8580.02,8532.13,8562.51,11.04115644
1559347200,1559350799,8562.81,8568.95,8514.31,8568.95,2.51591642
1559350800,1559354399,8565.27,8576.98,8549.43,8549.43,4.03275457
1559354400,1559357999,8540.25,8545.32,8525.27,8540.26,5.06868094
1559358000,1559361599,8547.15,8563.81,8539.15,8554.94,2.39479164
1559361600,1559365199,8536.94,8558.17,8525.01,8539.0,4.69239266
1559365200,1559368799,8525.0,8529.79,8458.36,8470.68,4.7725644
1559368800,1559372399,8484.05,8528.42,8450.95,8515.0,0.83481503
1559372400,1559375999,8516.14,8548.44,8516.14,8547.86,0.70169948
1559376000,1559379599,8530.38,8563.03,8518.42,8552.59,5.79850029
1559379600,1559383199,8564.54,8613.63,8564.54,8570.0,2.21520172
1559383200,1559386799,8579.43,8602.83,8549.87,8559.6,1.73632216
1559386800,1559390399,8549.93,8583.84,8529.95,8574.83,2.3120362
1559390400,1559393999,8579.18,8582.14,8529.68,8529.68,3.09766833
1559394000,1559397599,8528.48,8548.41,8522.8,8522.8,1.10505908
1559397600,1559401199,8529.93,8546.5,8474.73,8486.5,4.37398194
1559401200,1559404799,8498.07,8538.81,8484.03,8538.81,1.56711295
1559404800,1559408399,8531.51,8577.93,8529.89,8529.89,0.58497541
1559408400,1559411999,8541.8,8556.0,8517.5,8519.74,3.202093
1559412000,1559415599,8531.44,8542.98,8507.16,8510.89,1.74446652
1559415600,1559419199,8508.78,8552.78,8489.88,8537.51,2.34042839
1559419200,1559422799,8548.18,8564.72,8538.13,8549.86,2.04882732
1559422800,1559426399,8549.86,8615.7,8549.27,8597.0,10.47897542
1559426400,1559429999,8590.26,8593.74,8550.0,8593.74,5.62444749
1559430000,1559433599,8593.0,8593.83,8528.26,8545.04,2.59426932
1559433600,1559437199,8579.41,8589.13,8562.84,8574.44,4.14368541
1559437200,1559440799,8571.16,8601.94,8566.12,8575.0,1.92861083
1559440800,1559444399,8580.97,8594.25,8560.0,8560.0,0.40723247
1559444400,1559447999,8568.63,8583.47,8562.46,8578.08,0.33639787
1559448000,1559451599,8572.11,8595.26,8565.47,8595.26,1.98994792
1559451600,1559455199,8597.74,8604.12,8586.08,8603.33,7.99068
1559455200,1559458799,8601.76,8602.68,8577.67,8598.53,0.22587055
1559458800,1559462399,8607.49,8749.99,8600.96,8718.28,31.88407781
1559462400,1559465999,8693.72,8774.24,8693.72,8739.0,6.70521124
1559466000,1559469599,8766.82,8766.83,8713.98,8743.74,5.05175497
1559469600,1559473199,8720.0,8739.42,8700.0,8721.89,1.0200821
1559473200,1559476799,8743.7,8764.16,8720.21,8737.39,0.47073769
1559476800,1559480399,8753.36,8841.92,8753.36,8810.0,6.40383016
1559480400,1559483999,8810.0,8810.0,8615.26,8692.05,33.38929858
1559484000,1559487599,8709.98,8734.49,8679.61,8705.6,1.06593349
1559487600,1559491199,8705.59,8725.66,8702.27,8715.93,1.40532107
1559491200,1559494799,8690.0,8736.04,8684.21,8699.72,7.16235464
1559494800,1559498399,8701.9,8730.69,8659.61,8686.88,1.14592013
1559498400,1559501999,8653.23,8694.67,8642.12,8694.67,3.21029179
1559502000,1559505599,8676.55,8698.28,8663.76,8671.89,8.00250731
1559505600,1559509199,8718.65,8731.84,8660.0,8680.46,1.460315
1559509200,1559512799,8691.1,8734.87,8660.21,8703.57,1.20905064
1559512800,1559516399,8723,8757.86,8700.16,8728.97,3.59044002
1559516400,1559519999,8740,8757.47,8722.08,8755.44,0.68828601
1559520000,1559523599,8724.31,8724.31,8630.01,8682.37,16.22160032
1559523600,1559527199,8654.0,8704.35,8622.67,8694.02,9.75320868
1559527200,1559530799,8686.97,8703.27,8645.33,8696.71,1.24613927
1559530800,1559534399,8694.06,8720.0,8677.38,8683.08,15.72868758
1559534400,1559537999,8682.53,8696.78,8664.15,8677.15,0.42341005
1559538000,1559541599,8681.45,8681.45,8560.0,8604.62,5.60650078
